timestamp,host,python,package_version,method,bits,dim,padded_dim,code_bytes,float32_bytes,compression_ratio,n_base,n_query,n_speed,k,seed,rot_seed,num_threads,recall_at_1,recall_at_10,rel_mae,rel_mae_pairs,encode_api,encode_vps,encode_us,search_api,search_pairs_per_s,distance_kernel
20261003T194028Z,Darwin arm64,3.13.7,0.1.0,turboquant,4,128,128,76,512,6.7368421052631575,2000,40,400,10,1,42,1,0.825,0.835,0.009753672481263123,80000,encode_batch,747139.8523485153,1.3384375051828101,distance_1_to_n,16991623.238051437,distance_1_to_n
20261003T194028Z,Darwin arm64,3.13.7,0.1.0,turboquant,8,128,128,140,512,3.657142857142857,2000,40,400,10,1,42,1,1.0,0.99,0.0007317390650054189,80000,encode_batch,472836.1688020086,2.1148974337847903,distance_1_to_n,15262515.654858412,distance_1_to_n
20261003T194028Z,Darwin arm64,3.13.7,0.1.0,rabitq,1,128,128,24,512,21.333333333333332,2000,40,400,10,1,42,1,0.25,0.35,0.053503402384706134,80000,encode_batch,1040761.4751149416,0.9608349500922486,distance_1_to_n,35426428.118652634,1-neon
20261003T194028Z,Darwin arm64,3.13.7,0.1.0,rabitq-algorithm1,4,128,128,72,512,7.111111111111111,2000,40,400,10,1,42,1,0.875,0.8875,0.00708448446017656,80000,encode_batch,25328.21088334603,39.48166748159565,distance_1_to_n,40675168.38771923,4-neon
20261003T194028Z,Darwin arm64,3.13.7,0.1.0,rabitq-algorithm1,8,128,128,136,512,3.764705882352941,2000,40,400,10,1,42,1,1.0,0.995,0.0004324580767069448,80000,encode_batch,1678.8429437143977,595.6483325280715,distance_1_to_n,41025573.56003439,8-neon
20261003T194028Z,Darwin arm64,3.13.7,0.1.0,rabitq-fixed-scale,4,128,128,72,512,7.111111111111111,2000,40,400,10,1,42,1,0.925,0.885,0.007470361778283447,80000,encode_batch,730205.5151656669,1.369477467960678,distance_1_to_n,41025696.02187417,4-neon
20261003T194028Z,Darwin arm64,3.13.7,0.1.0,rabitq-fixed-scale,8,128,128,136,512,3.764705882352941,2000,40,400,10,1,42,1,1.0,0.9725,0.0011481643944050192,80000,encode_batch,1270010.543200693,0.7873950380599126,distance_1_to_n,41919884.790200725,8-neon
20261003T194028Z,Darwin arm64,3.13.7,0.1.0,rabitq-windowed-scale,4,128,128,72,512,7.111111111111111,2000,40,400,10,1,42,1,0.85,0.875,0.007266725739779018,80000,encode_batch,66938.13417053394,14.939167522243224,distance_1_to_n,40000044.66628055,4-neon
20261003T194028Z,Darwin arm64,3.13.7,0.1.0,rabitq-windowed-scale,8,128,128,136,512,3.764705882352941,2000,40,400,10,1,42,1,1.0,0.995,0.0004324580767069448,80000,encode_batch,15617.602991631904,64.03031249647029,distance_1_to_n,41740629.537551366,8-neon
20261003T194028Z,Darwin arm64,3.13.7,0.1.0,turboquant,4,1024,1024,524,4096,7.816793893129771,2000,40,400,10,1,42,1,0.725,0.86,0.0035031581494281623,80000,encode_batch,100487.76747111476,9.95146001514513,distance_1_to_n,2348920.46033996,distance_1_to_n
20261003T194028Z,Darwin arm64,3.13.7,0.1.0,turboquant,8,1024,1024,1036,4096,3.9536679536679538,2000,40,400,10,1,42,1,1.0,0.9975,0.00025890002902758286,80000,encode_batch,61762.15468012627,16.191144968615845,distance_1_to_n,2120609.560652148,distance_1_to_n
20261003T194028Z,Darwin arm64,3.13.7,0.1.0,rabitq,1,1024,1024,136,4096,30.11764705882353,2000,40,400,10,1,42,1,0.1,0.385,0.018791635295831634,80000,encode_batch,119007.77230577999,8.402812527492642,distance_1_to_n,4417888.13027469,1-neon
20261003T194028Z,Darwin arm64,3.13.7,0.1.0,rabitq-algorithm1,4,1024,1024,520,4096,7.876923076923077,2000,40,400,10,1,42,1,0.75,0.905,0.002653688123363372,80000,encode_batch,3329.091045091779,300.382292480208,distance_1_to_n,6736843.642766146,4-neon
20261003T194028Z,Darwin arm64,3.13.7,0.1.0,rabitq-algorithm1,8,1024,1024,1032,4096,3.9689922480620154,2000,40,400,10,1,42,1,1.0,0.9975,0.00019219574891770025,80000,encode_batch,186.2276686206571,5369.771352488897,distance_1_to_n,5330347.276941263,8-neon
20261003T194028Z,Darwin arm64,3.13.7,0.1.0,rabitq-fixed-scale,4,1024,1024,520,4096,7.876923076923077,2000,40,400,10,1,42,1,0.725,0.91,0.002698419823540394,80000,encode_batch,91028.04821238203,10.985624976456165,distance_1_to_n,6755845.097673925,4-neon
20261003T194028Z,Darwin arm64,3.13.7,0.1.0,rabitq-fixed-scale,8,1024,1024,1032,4096,3.9689922480620154,2000,40,400,10,1,42,1,0.975,0.9925,0.00024901042223403065,80000,encode_batch,178193.5643783996,5.61187494895421,distance_1_to_n,5292126.264686879,8-neon
20261003T194028Z,Darwin arm64,3.13.7,0.1.0,rabitq-windowed-scale,4,1024,1024,520,4096,7.876923076923077,2000,40,400,10,1,42,1,0.75,0.905,0.0026532441429344624,80000,encode_batch,6275.321904742744,159.3543749913806,distance_1_to_n,6722690.499138135,4-neon
20261003T194028Z,Darwin arm64,3.13.7,0.1.0,rabitq-windowed-scale,8,1024,1024,1032,4096,3.9689922480620154,2000,40,400,10,1,42,1,1.0,0.9975,0.00019219574891770025,80000,encode_batch,1637.9273008721623,610.5277074675541,distance_1_to_n,5286320.981515429,8-neon
